day,camera,hour,video_id
day1,Allie,8,XYkq1PPZu9A
day1,Allie,9,RR8rsRzWdb8
day1,Allie,10,1MFLirw7Emw
day1,Allie,11,eASzgGofzvM
day1,Allie,12,aqqIlSyGqfw
day1,Allie,13,12Olxl8Hp6A
day1,Allie,14,I7cDt-jDNqY
day1,Allie,15,Kzt3MSGcPvs
day1,Allie,18,LFHkOT4g4nQ
day1,Allie,19,bRkIfuxywzg
day1,Allie,20,apniIxpemc0
day1,Bjorn,8,hfrTVbRcgtE
day1,Bjorn,9,ly_9mhBw1_k
day1,Bjorn,10,tZX-6Ld7qJ4
day1,Bjorn,11,9_StLG4vhwg
day1,Bjorn,12,-38Tgy4d7fI
day1,Bjorn,13,Z8xKNg-VVW8
day1,Bjorn,14,b3-Xu17Wx-w
day1,Bjorn,15,KOLsN4Mt4NY
day1,Bjorn,16,Yll_EbwDJOA
day1,Bjorn,17,kPkDtMzayqo
day1,Bjorn,18,iHcARFcPOcA
day1,Bjorn,19,yL621z-rD2w
day1,Bjorn,20,s66JXiH4e3s
day1,Cathal,8,17k69aesw-I
day1,Cathal,9,2rYlHYPGtmY
day1,Cathal,10,tS1EZAruzkQ
day1,Cathal,11,zqss6by00m8
day1,Cathal,12,MIyET37rwwY
day1,Cathal,13,L_SSt8ZXo8A
day1,Cathal,14,2Z-NwdzJHjk
day1,Cathal,15,PmVFstaxxp0
day1,Cathal,16,lxLvJ4pZQqw
day1,Cathal,17,5MA1kQlGMkM
day1,Cathal,18,kSayf0LeBWU
day1,Cathal,19,dqe--h7Wvb0
day1,Cathal,20,x6egkwdC29Y
day1,Florian,8,7p-UzO5N98c
day1,Florian,9,HrIezYGifik
day1,Florian,10,urYJ2Coa1jM
day1,Florian,11,gVemh23yVxo
day1,Florian,12,jO16wCCTZQw
day1,Florian,13,kQr61fSdj_Q
day1,Florian,14,Ojyq84iGHzM
day1,Florian,15,xM7PQvoVM_Y
day1,Florian,16,eafg2I9Nzc8
day1,Florian,17,WA-iK0sTGBU
day1,Florian,18,KhaBQS4hAIw
day1,Florian,19,0NHr1pyDuFY
day1,Florian,20,OfPSS10eUK8
day1,Kitchen,8,GnIi0-fOv0s
day1,Kitchen,9,yZ9EjvLQnAg
day1,Kitchen,10,-iuJkUk2YjY
day1,Kitchen,11,2kZf1ynpN-8
day1,Kitchen,12,oqENB6q2RMU
day1,Kitchen,13,l0dnrE3fGYU
day1,Kitchen,14,XO2hVTxB3-o
day1,Kitchen,15,V0u798fgups
day1,Kitchen,16,HdVpvSLkI_g
day1,Kitchen,17,hTMtGg2cYBY
day1,Kitchen,18,pCne_ZnoqvI
day1,Kitchen,19,SLXAm4u77q8
day1,Kitchen,20,4YcZkklzwxY
day1,Klaus,8,gKsgG5ejmbA
day1,Klaus,9,WvHWLgA3gp0
day1,Klaus,10,-WrkETqQ0Ds
day1,Klaus,11,0ygZgJ8gFxk
day1,Klaus,12,0uRhaoOXltI
day1,Klaus,13,GxdZKgHf37w
day1,Klaus,14,eq15L6Caasg
day1,Klaus,15,jHlaTUwdBWA
day1,Klaus,16,I3xKW1Ko7VE
day1,Klaus,17,OM9rMxT_WsU
day1,Klaus,18,fQ6xneNvpn0
day1,Living1,8,HGd6DgmIL8Q
day1,Living1,9,4AlIhk_FaTs
day1,Living1,10,-TZP7BuqljU
day1,Living1,11,0aoxf3FPG7k
day1,Living1,12,kWPXiE50K7s
day1,Living1,13,To-ZYMZpJQk
day1,Living1,14,R3sQ5BAnJWY
day1,Living1,15,45mLImKIBSw
day1,Living1,16,E7fs-Ejc1qo
day1,Living1,17,WfrGIKRksLo
day1,Living1,18,EbG2UpfO8uE
day1,Living1,19,mgeR9yVdfhU
day1,Living1,20,LFHf7soSdVI
day1,Living2,8,q3Bj7nhl7ek
day1,Living2,9,ijYVFQHd1tw
day1,Living2,10,OLlDTcQ3ajY
day1,Living2,11,S9mtthjO68c
day1,Living2,12,IE--OWu5xTM
day1,Living2,13,_BUpLi6lYaU
day1,Living2,14,uy967A7m8VI
day1,Living2,15,8dPxm4po63E
day1,Living2,16,3F7ttAbE2T4
day1,Living2,17,rowtYQrgPgE
day1,Living2,18,41B2ENyBdxY
day1,Living2,19,sC_GSkr4a-Q
day1,Living2,20,Lkli9oHE4A4
day1,Luca,8,kh8VXoqiI10
day1,Luca,9,w_B9jv9gVw4
day1,Luca,10,4kGx8MZz_rQ
day1,Luca,11,-jXRl6CpOuU
day1,Luca,12,MUwB_bvFyFg
day1,Luca,13,ly3Y0bCpe-k
day1,Luca,14,gZqaWgYdjA4
day1,Luca,15,HNzzCAPkEKw
day1,Luca,17,VnqHViAnTxQ
day1,Luca,18,2tYflPBJiKo
day1,Luca,19,KmSuBQKGT9Q
day1,Meeting,8,Xfpw7TrnGhA
day1,Meeting,9,O8ONQT91_cI
day1,Meeting,10,qWICTmOXzs8
day1,Meeting,11,ETJCIzPGAmo
day1,Meeting,12,GjBTPM-qAK8
day1,Meeting,13,a8QoZrS5pwk
day1,Meeting,14,R5bMvzILUvk
day1,Meeting,15,LUiIbepQ9Uo
day1,Meeting,16,uPzfHHzuNls
day1,Meeting,17,nnnNSkvh1F0
day1,Meeting,18,JJ8NhPjiRwk
day1,Meeting,19,oW0WX-P2KnI
day1,Meeting,20,iKIr9RtFfs4
day1,Onanong,8,OTKbGsB49jo
day1,Onanong,9,pLwrTjGGND0
day1,Onanong,10,b-PIWJUdd6I
day1,Onanong,11,F5UCCweKGmE
day1,Onanong,12,KGLfWaYPQz4
day1,Onanong,13,2LfJTZkYxMo
day1,Onanong,14,v0CZ1b3lSWA
day1,Onanong,15,mE_8xDBxJXQ
day1,Onanong,16,d0rJKhTa0i4
day1,Onanong,17,QLaKZIiPTyA
day1,Onanong,18,G4VSyPfUlQc
day1,Onanong,19,I0ZUNj5Zgsc
day1,Onanong,20,6UVOxR2jZdI
day1,Reading,9,B8CvaHMWEJY
day1,Reading,10,8mRbQAqroUk
day1,Reading,11,Ggip6YCHOoQ
day1,Reading,12,ew5JAqw1caM
day1,Reading,13,jdhUl9XLN3I
day1,Reading,14,_LltJz6AK-E
day1,Reading,15,pZvYDXvLccg
day1,Reading,16,Kcix3J9_5x4
day1,Reading,17,AjrMiX3GSYw
day1,Reading,18,5kZ7_yyWCC0
day1,Stevan,8,xyWtvy6iCmo
day1,Stevan,9,8CKQp52uylY
day1,Stevan,10,EB4BPx6rGXE
day1,Stevan,11,AajUf1hxGL8
day1,Stevan,12,iAtEJ-yv-wA
day1,Stevan,13,zJTfaECpFcY
day1,Stevan,14,UjhfbPhhlbg
day1,Stevan,17,ttLWZbONB7E
day1,Stevan,18,jvFCNGNHUCk
day1,Stevan,19,W6cshIMA2bk
day1,Tien,8,wsl8gAjai-M
day1,Tien,9,9I24y7t77os
day1,Tien,10,UOCzaB0g0M4
day1,Tien,11,KmIokz99qwM
day1,Tien,12,d_pSB7IKkzQ
day1,Tien,13,nal8ppPmapA
day1,Tien,14,zzIBk2cW4Gk
day1,Tien,15,Wn4SrWj2qRk
day1,Tien,17,X7YStvOhjwk
day1,Tien,18,pdmILtqoShU
day1,Tien,19,5raEaZaSPuk
day1,Werner,8,V2MrMWjkfWY
day1,Werner,9,zy-rGNEcfp0
day1,Werner,10,sR75O_OheWs
day1,Werner,11,8VGa9Rd7uRk
day1,Werner,12,AAwpcvRjKI8
day1,Werner,13,ztY0NO081LQ
day1,Werner,14,IiuIaMo9KaA
day1,Werner,15,reKW_WHsv9I
day1,Werner,16,smCQ6krD4Z0
day1,Werner,17,ehV_meS33HE
day1,Werner,18,8iXMBtSa8ww
day1,Werner,19,lHXT3Ft20pQ
day1,Werner,20,nnLrFW_lNPw
day2,Allie,10,fftogKHVqHA
day2,Allie,11,hGWX64V11sg
day2,Allie,12,0rsr_hwauVE
day2,Allie,13,YTQTZhUQHVY
day2,Allie,14,VovHR90ebew
day2,Allie,15,EiG0FpETHfY
day2,Allie,16,3V4Dpr8Y_6Y
day2,Allie,17,sQFAYu_N9fw
day2,Allie,18,PCpT79Qabdo
day2,Allie,19,EfukpWcw1Rg
day2,Allie,20,5UWyABHl17Q
day2,Bjorn,10,HL52r_GbbnE
day2,Bjorn,11,ymlxHQam6x0
day2,Bjorn,12,y3ZWRebhA1k
day2,Bjorn,14,OqcEnzc-fwI
day2,Bjorn,15,L_SMQTp1CYA
day2,Bjorn,16,GZefOpBB6gA
day2,Bjorn,17,qlteDbGr8Nc
day2,Bjorn,18,rUMJYe73WEg
day2,Bjorn,19,GgKDsL-hKjI
day2,Bjorn,20,3CYo7qzSapE
day2,Cathal,10,P8BfzX9J9tM
day2,Cathal,11,sZwUebTRDI0
day2,Cathal,12,OB9qVmalwa4
day2,Cathal,13,K5fCyUsyjLU
day2,Cathal,14,frHJ6Wupuao
day2,Cathal,16,OPByg6gAM4k
day2,Cathal,17,zrUIAuIJX5E
day2,Cathal,18,C8hwb1s-cjU
day2,Cathal,19,I7r-vFm9DSk
day2,Cathal,20,4Be3oqp_dUs
day2,Florian,9,nYfFTojMMpM
day2,Florian,10,eE2O8NKaoRA
day2,Florian,11,VBvtxvTDgeI
day2,Florian,12,87jlhTE_q8c
day2,Florian,13,2dlwzLEbAQA
day2,Florian,14,GgbS9wjVO18
day2,Florian,15,swd0mEUmI30
day2,Florian,16,4JNJ6pteang
day2,Florian,17,jiePjWKHuuk
day2,Florian,18,QSVh8kPP1hs
day2,Florian,19,TJiZMOlGiEs
day2,Florian,20,w6BLDPMX9XU
day2,Kitchen,8,Cd9Cnts_xac
day2,Kitchen,9,yc6UkJ_wg28
day2,Kitchen,10,5836QIO9ZZE
day2,Kitchen,11,flgrcxih09Q
day2,Kitchen,12,pjP0m6NpTv4
day2,Kitchen,13,jdMNTBXfadE
day2,Kitchen,14,a5Y4hMkc3mI
day2,Kitchen,15,BGw4i986Wxs
day2,Kitchen,16,JauGavt5zJc
day2,Kitchen,17,BaHdEecC-pU
day2,Kitchen,18,PBklCqZ8U-A
day2,Kitchen,19,AmwKBin5kNA
day2,Kitchen,20,T_FOyYtkt6c
day2,Klaus,10,xMD5GoeTTpc
day2,Klaus,11,Yhvk7ScUPVY
day2,Klaus,12,OOYwXKskmT4
day2,Klaus,13,it1o6p9jFlE
day2,Klaus,14,_tbZ7-9IZSw
day2,Klaus,15,8-iZfTa6YCk
day2,Klaus,16,sk5DxTuvpH0
day2,Klaus,17,lecuDcapx3o
day2,Klaus,18,JB8xMpGKQks
day2,Klaus,19,XFrmE0jL80Q
day2,Klaus,20,gSvUCdXxyvk
day2,Living1,8,88_pmPXBZ_s
day2,Living1,9,Dt9K1qdJi6A
day2,Living1,10,0UsnVAOXzUE
day2,Living1,11,eH2Z9C2MLX0
day2,Living1,12,mfpy0_Hhdbw
day2,Living1,13,t2upxsFNut8
day2,Living1,14,B2u8MdQddv4
day2,Living1,15,yctYm6lLncE
day2,Living1,16,tBX9N_5ARHk
day2,Living1,17,Lxhz53MzkWc
day2,Living1,18,lpqrqMCTJFE
day2,Living1,19,SBRUG0UUq_4
day2,Living1,20,4178WzWOUU8
day2,Living2,8,e8at_6chzeU
day2,Living2,9,_OPw9n_Rnko
day2,Living2,10,28-APxaOzSE
day2,Living2,11,4mz8gIacKFE
day2,Living2,12,ahyrzvmU0dI
day2,Living2,13,y5gQMW2fyvk
day2,Living2,14,1-avzHoHEeg
day2,Living2,15,H4rLKXU2bqI
day2,Living2,16,4cRVZnYK0vY
day2,Living2,17,eYQE4h6Z_BA
day2,Living2,18,B0nGUBhDn14
day2,Living2,19,GGNywMFINiI
day2,Living2,20,WS1ApyEhVuo
day2,Luca,8,hRbwHMArhRg
day2,Luca,9,mX7da9zqjrQ
day2,Luca,10,pPrEzrA_2Ts
day2,Luca,11,Ji5ioPwUYrQ
day2,Luca,12,s_sUSrT9-hM
day2,Luca,13,26e_Nlzuahk
day2,Luca,14,eAPVkddksvI
day2,Luca,15,SrJeDf1GQU4
day2,Luca,16,Wc19iqGwn50
day2,Luca,17,2xyMZ-8qa4A
day2,Luca,18,_yt2cn79Afs
day2,Luca,19,eLMacXL7ha0
day2,Luca,20,O5LrqHUBe9g
day2,Meeting,8,AE1KjsdktZg
day2,Meeting,9,2Q8ZjaIBVEo
day2,Meeting,10,1GIR2wqz8CE
day2,Meeting,11,WqSjM_rE4U0
day2,Meeting,12,hLaG-PiVlr4
day2,Meeting,13,_2ZA7x4hZjE
day2,Meeting,14,D-SwlaLIPjE
day2,Meeting,15,JJknrvm3wKs
day2,Meeting,16,FOfsu9hp0TY
day2,Meeting,17,CZidNtBQ3eU
day2,Meeting,18,5N5bzWr6FVs
day2,Meeting,19,YVejYwAqGf8
day2,Meeting,20,7AIpJYqKyjY
day2,Onanong,10,YcrMrUArNkI
day2,Onanong,11,-GYWngkFOpw
day2,Onanong,12,tL2D9VuJbRA
day2,Onanong,13,dcZHQPoKa-w
day2,Onanong,14,d-daE4ruT-s
day2,Onanong,15,KCwNVN1go-w
day2,Onanong,16,HhaIwCDqtvo
day2,Onanong,17,Sh6xeIK_QiE
day2,Onanong,18,X37qk4B13Hg
day2,Reading,12,qof0Cf7Rl9Q
day2,Reading,13,yi4YF5SI8gQ
day2,Reading,14,vlTt8DFQUv4
day2,Reading,15,CbrAbVhsL98
day2,Reading,16,6i3u5yH5l-o
day2,Reading,17,q_WMgErJW3U
day2,Reading,18,KrGeaCTBqs4
day2,Reading,19,qwdS9iy_l7Q
day2,Reading,20,8H4ikj6xqDk
day2,Stevan,9,xdYRDs_CwpM
day2,Stevan,10,XeSEUdkzEzA
day2,Stevan,11,5CBLDvqe8WE
day2,Stevan,12,gfyaiXchxSg
day2,Stevan,17,HqmT5qH0vg0
day2,Stevan,20,Q5zeuqrCYqs
day2,Tien,10,87idYW000vg
day2,Tien,11,-dnZd1Px2jw
day2,Tien,12,-Gw42SXqdBQ
day2,Tien,13,nPWztWrRK6U
day2,Tien,14,hiJJDDIIWFg
day2,Tien,17,Xtyc4yVYqpA
day2,Tien,18,q_Hq36C9M3o
day2,Tien,19,guXX40yvBkw
day2,Tien,20,wZjPVb3nmpE
day2,Werner,8,ylA5AN2zU3g
day2,Werner,9,-Zxn4Z6jPis
day2,Werner,10,iLD4cVE2lgY
day2,Werner,11,81Qk3z67tF4
day2,Werner,12,6UVcK9a1KEA
day2,Werner,13,BGf0LethyWI
day2,Werner,14,4lsedDIV76I
day2,Werner,15,Pg83MoTsB8s
day2,Werner,16,-47nvzsl3gw
day2,Werner,17,uBEo2qhZjgY
day2,Werner,18,RitfqG5SCkA
day2,Werner,19,BogZwy4id2I
day2,Werner,20,q5b-DYEuqIU
day3,Allie,8,Cc5bOiZ8_TI
day3,Allie,9,B8HamkFUJ2c
day3,Allie,10,IhGY1z7-YqU
day3,Allie,11,KhTStZVMQhI
day3,Allie,12,xR1Wiz6WnmA
day3,Allie,13,SZSMchdZ17o
day3,Allie,14,oFqoPNfAuoc
day3,Allie,15,CDzxIOaiQds
day3,Allie,16,XdgpJq4Q4ww
day3,Allie,17,IJyh8kh3yDU
day3,Allie,18,McyRoQNk_9Q
day3,Allie,19,Bi2rQr5TYog
day3,Bjorn,10,i0CGIr3-Xfg
day3,Bjorn,11,XjfgT_INkEI
day3,Bjorn,12,_KGhyqg63E8
day3,Bjorn,13,g3ZE4KqWfcY
day3,Bjorn,14,lYVu2AZR3-U
day3,Bjorn,15,e7RtFQo8hwQ
day3,Bjorn,16,3leKNlO_zTw
day3,Bjorn,17,AHouEgiAcO4
day3,Bjorn,18,kqY3sjIAQ_E
day3,Bjorn,19,x1T4C1swzWE
day3,Bjorn,20,Yqr6tDCHdDU
day3,Cathal,8,6w3HY_-iFPs
day3,Cathal,9,PCTKaBG0DDM
day3,Cathal,10,YRqANpO5Cj8
day3,Cathal,11,iZVjIKk_6ms
day3,Cathal,12,zrLDh6wpulQ
day3,Cathal,13,EJspkMc_6ms
day3,Cathal,14,Q_0sZrbaYpU
day3,Cathal,15,ERUJqPV1mfA
day3,Cathal,16,fxdWOyQXNOA
day3,Cathal,17,01nlrvhTm2Q
day3,Cathal,18,GXEGcv_niwE
day3,Cathal,19,-3dHeOOWfXo
day3,Cathal,20,8d6EWSxkpUw
day3,Florian,9,5nwL7Sh3C2I
day3,Florian,10,ePl015IRsFI
day3,Florian,11,-BiuODTIo_k
day3,Florian,12,xFr3C5NuwaI
day3,Florian,13,K8_-kQ9zJko
day3,Florian,14,gpw8OKJNmRo
day3,Florian,15,yzULmbGUyik
day3,Florian,16,Fre65aKzsHw
day3,Florian,17,zqQeYEvmsmE
day3,Florian,18,0BdjCoDfZl4
day3,Florian,19,A6rB1ddf6p8
day3,Florian,20,tCm9s9lXjR4
day3,Kitchen,8,bxW7LTrGROU
day3,Kitchen,9,O8lB8uMU2oI
day3,Kitchen,10,mVWZZgMCIhU
day3,Kitchen,11,jYMJGqsMzcQ
day3,Kitchen,12,NgZsDDnDfEs
day3,Kitchen,13,eEBD_6921sA
day3,Kitchen,14,f2WqTWtz_W8
day3,Kitchen,15,1gt-I9ev2lU
day3,Kitchen,16,5ojGct2SU3E
day3,Kitchen,17,XUd6n6LcA2A
day3,Kitchen,18,1nhooXhKMIE
day3,Kitchen,19,Zsq53LFkGvk
day3,Kitchen,20,J7jaQx7DGCE
day3,Klaus,8,LnNFwlySVSg
day3,Klaus,9,X92LkffY0xI
day3,Klaus,10,lsDcH4Glb90
day3,Klaus,11,lED_DkFfjFA
day3,Klaus,12,jfDPypDzHZw
day3,Klaus,13,cnPNCsKDGSE
day3,Klaus,14,1IV2euewfog
day3,Klaus,15,J-dvdJLH2z4
day3,Klaus,17,AP-UhLasEks
day3,Klaus,18,B6TTZ6E7bZo
day3,Klaus,19,JpIB1__cSwg
day3,Klaus,20,TeJcDJukgCk
day3,Living1,8,ujyyHlHR8jA
day3,Living1,9,iFs4Bw7qTnU
day3,Living1,10,nmUGVr7Gkfw
day3,Living1,11,sRdJjMAnGqQ
day3,Living1,12,wE5F4uhS0aQ
day3,Living1,13,Hy5DuXHTfPM
day3,Living1,14,pXy3Jec5yPQ
day3,Living1,15,UnLA6SquCkc
day3,Living1,16,Coj83ud6mc0
day3,Living1,17,Cmz1QMGYlW0
day3,Living1,18,Z1FQ-GmY7JE
day3,Living1,19,YHq1xoMKJ0I
day3,Living1,20,8BTqFo4q30g
day3,Living2,8,xykk2pw8b-c
day3,Living2,9,5Lolj_vNSnI
day3,Living2,10,gQG10unK1Oc
day3,Living2,11,sz4bQsp4E6U
day3,Living2,12,WfACtIbxl5Q
day3,Living2,13,4pl_vJ6Oz_w
day3,Living2,14,XshMnxLnOS4
day3,Living2,15,wR9CnVZbteo
day3,Living2,16,QA194v2EBNY
day3,Living2,17,FlICFFGCff0
day3,Living2,18,FPp8LNmlzEA
day3,Living2,19,lc-yA07Bh1g
day3,Living2,20,QbeIL519aWI
day3,Luca,8,6UFKPhbGeb4
day3,Luca,9,rU8ZAr2-JaQ
day3,Luca,10,ojatYwn-Yl0
day3,Luca,11,-07qfg9Zi1w
day3,Luca,12,DiqMka4GOw8
day3,Luca,13,JTaPznNUgR0
day3,Luca,14,fF6G9vc1Fo0
day3,Luca,15,LoK7nPoJZ1Y
day3,Luca,17,DMCLpiUFPk4
day3,Luca,18,cAAvhkh3H0U
day3,Luca,19,uwTgn4P7Ows
day3,Luca,20,xRlMVtFncNk
day3,Meeting,8,xhDH8HrVUq4
day3,Meeting,9,whxx1WFrhM0
day3,Meeting,10,I9bbmFplmps
day3,Meeting,11,r0vHoqVdmuo
day3,Meeting,12,8AChYOqGT0g
day3,Meeting,13,dSeDXN9qze4
day3,Meeting,14,Q0ecsW8AKAg
day3,Meeting,15,AylA90n7r94
day3,Meeting,16,p0Rc5lOKeMw
day3,Meeting,17,RB493EHnHW8
day3,Meeting,18,MmEw0Hnjmfw
day3,Meeting,19,tU7VngsIpIo
day3,Meeting,20,qU6Kp7Mo5kA
day3,Onanong,10,ew0S27bD2Zg
day3,Onanong,11,uQXiWWRITk8
day3,Onanong,12,BxvwE1GbY-Y
day3,Onanong,13,Me1KJoWwxjw
day3,Onanong,14,bWPJpxj4rT8
day3,Onanong,15,BzEsX9D6hQA
day3,Onanong,16,s8k-OkfKSnw
day3,Onanong,17,qtr6wIuMhOE
day3,Onanong,18,xRPYPVT2Jns
day3,Onanong,19,ibdvFzeVofc
day3,Reading,10,2xax9lz1Qpc
day3,Reading,11,xC_lHYCArLY
day3,Reading,12,44-8-kCvMTY
day3,Reading,13,B8iMMteYGYk
day3,Reading,14,m8dFVaw3t-c
day3,Reading,15,yRYmww4bhhE
day3,Reading,16,7RVnqmKFXwU
day3,Reading,17,gkpvBV9XI_U
day3,Reading,18,D78URaYk6Ok
day3,Reading,19,igThBWSLx-k
day3,Stevan,8,gL1YabTBDho
day3,Stevan,9,dtZjExxEmDY
day3,Stevan,10,7aeoN92EEEM
day3,Stevan,11,1NTHJw29Cak
day3,Stevan,12,wQXT770e7h8
day3,Stevan,13,9a1U9Zv7KU8
day3,Stevan,14,XNR00I7Z4tQ
day3,Stevan,15,_p7vxE9bgH4
day3,Stevan,17,KtC_lnLNLwE
day3,Stevan,18,fyBN73tbqQQ
day3,Stevan,19,hHerLv35r2k
day3,Stevan,20,Rxc0H0KHK1k
day3,Tien,8,7mWyqdzke-Y
day3,Tien,9,jPgPXpjf3_k
day3,Tien,10,A8D3_kIJNPA
day3,Tien,11,E8IqrZV9a0s
day3,Tien,12,yoaoomtPg1o
day3,Tien,13,FdcqkZIKCIE
day3,Tien,14,Ff35u-DiBhQ
day3,Tien,15,iV9Wpgz6LnU
day3,Tien,16,EbXnAVVuwmU
day3,Tien,17,HlT2bjnMmi0
day3,Tien,18,KRYhZt40sQs
day3,Tien,19,Clf5h-Y0LVs
day3,Tien,20,_2iq9EpP2kU
day3,Werner,8,3t2pwJsiPLI
day3,Werner,10,JTTTqsSgI20
day3,Werner,12,vtacVAQ7Umk
day3,Werner,13,M8lJlM-_E2k
day3,Werner,14,ldZm5kF5BiE
day3,Werner,15,NrC8BbHO_SI
day3,Werner,16,aCGvCXJ67Bo
day3,Werner,17,ktupME7r2GM
day3,Werner,18,af7U8R5DCyI
day3,Werner,19,B4yHAh6h860
day3,Werner,20,41VKNU28jN0
day4,Allie,8,p5_P6pOACIg
day4,Allie,9,99NBWAhDTwk
day4,Allie,10,Ay3mOa0tyhY
day4,Allie,11,I4lIScnJRKc
day4,Allie,12,mPTLaGbjGYY
day4,Allie,13,zIOuFaX3vHk
day4,Allie,14,Mj3T5qrZ1Jo
day4,Allie,15,wiwFF1Q2Ew8
day4,Allie,18,M9cNi4Z8NHE
day4,Bao,8,2NKBE2RSDm8
day4,Bao,9,anw92e1nDfw
day4,Bao,10,v9nACSuza-o
day4,Bao,11,3UcjGLW93OM
day4,Bao,12,GSIrcoCwO-0
day4,Bao,13,8pCMNrYw9lw
day4,Bao,14,yPxQSKlXnDE
day4,Bao,15,Bv5XGKHAS-U
day4,Bao,18,1M7AQ-exmRk
day4,Bjorn,8,7kPgxOlVH1s
day4,Bjorn,9,4HTbfA-jUEI
day4,Bjorn,10,Ow3hTBK_ENA
day4,Bjorn,11,ogTU_b5W0Is
day4,Bjorn,12,bt8BAALMWhA
day4,Bjorn,13,g35Bd3lsFCM
day4,Bjorn,14,waYJqlVsXb4
day4,Bjorn,15,61pvgdNnUzk
day4,Bjorn,18,sh5hselqLSM
day4,Cathal,9,S6EhnSasb5I
day4,Cathal,10,uiOzmgdFXV0
day4,Cathal,11,OZ5POpp5-So
day4,Cathal,12,VbpVcfIkYUM
day4,Cathal,13,nlH4xpyt3Og
day4,Cathal,14,V-bOGm3YTI8
day4,Cathal,15,2_1h87Zya4s
day4,Cathal,17,CZpKRgciqaU
day4,Cathal,18,HWKMPbtwwy4
day4,Florian,10,tj9mQ2s9dVU
day4,Florian,11,siJ5nPd3YCU
day4,Florian,12,uTBSwiMk2bQ
day4,Florian,13,tyRoSZS73Ds
day4,Florian,14,zRlmo36gLjg
day4,Florian,15,-5lBa8QgP2Y
day4,Florian,18,zLWXwJg7U4s
day4,Kitchen,8,CpEUczMgSlU
day4,Kitchen,9,Ai7YIiL3WTY
day4,Kitchen,10,Ih2NFOLf6iE
day4,Kitchen,11,ODg-ybSWUYE
day4,Kitchen,12,8xEFc-_Nj4k
day4,Kitchen,13,afHcBkQwAWM
day4,Kitchen,14,i2CHUVtIeC8
day4,Kitchen,15,VlU7DXs2uYI
day4,Kitchen,16,SEdxMk3mE2A
day4,Kitchen,17,im8sborYKSA
day4,Kitchen,18,Y8aZ7iaAF3o
day4,Klaus,8,OQ-NvYX4x0Q
day4,Klaus,9,UHosL0Jycc0
day4,Klaus,10,KLu1bXPXtDA
day4,Klaus,11,kTbW_93GZ9U
day4,Klaus,12,tn_jN8KqKV8
day4,Klaus,13,eAo8jszdrP4
day4,Klaus,14,AJ8blj3AN1Q
day4,Klaus,15,nxE0htkW4gc
day4,Klaus,18,kVklsHJb238
day4,Living1,8,0cQD_QbKlbE
day4,Living1,9,hf7sG9T3e4g
day4,Living1,10,iNxMCkDKpig
day4,Living1,11,a4eWx8V0NiM
day4,Living1,12,ubjal8-FTyI
day4,Living1,13,c-rfXHWUsbs
day4,Living1,14,xJw3kD2ntJ4
day4,Living1,15,Gqm1FoS1Tbw
day4,Living1,16,OnwdJknGD98
day4,Living1,17,Yc1mW_AaWxs
day4,Living1,18,MoAH0OHnW9g
day4,Living2,8,n9N_O9ai8gE
day4,Living2,9,3_5UZ5-BchQ
day4,Living2,10,t6XYNMFpXmA
day4,Living2,11,F4chSHC78Yo
day4,Living2,12,cs8OIHvjPu8
day4,Living2,13,FU81fbhyf4U
day4,Living2,14,VOGMKqWCnlM
day4,Living2,15,1V11vt7LRRA
day4,Living2,16,FToCC2ZNS3o
day4,Living2,17,co0M-mCIzLU
day4,Living2,18,eL7BNvowDuk
day4,Luca,8,zCAT_wVoZjE
day4,Luca,9,CsutStMuXfE
day4,Luca,10,ldI4To3qI5g
day4,Luca,11,TezWidFa3eI
day4,Luca,12,lEmsb_ioNfU
day4,Luca,13,0m2vwHZgZdI
day4,Luca,14,qz4OKVIEKC0
day4,Luca,15,d300tYGr5BE
day4,Luca,17,3oq6iSF6CM8
day4,Luca,18,HlQR6vE7lyI
day4,Meeting,8,HxCYTexTjME
day4,Meeting,9,f0deYvLzwi8
day4,Meeting,10,AKBfb7ZzXoo
day4,Meeting,11,NODdY6SGPM4
day4,Meeting,12,RPiAxBdPUUw
day4,Meeting,13,osugsXVuPcw
day4,Meeting,14,h231LEB88oQ
day4,Meeting,15,gi7kf5h2o0w
day4,Meeting,16,UD4A0HSkvBA
day4,Meeting,17,WsSCV-VF2hU
day4,Meeting,18,oiRnV-W-caI
day4,Onanong,9,VF8EpnPSryc
day4,Onanong,10,UsgPsn9wOHw
day4,Onanong,11,dYHu-C5Y6H0
day4,Onanong,12,yrxgIU07tHM
day4,Onanong,13,426tcGamu-c
day4,Onanong,14,d2MtEsDlVyA
day4,Onanong,15,IR1_FT8rogg
day4,Onanong,18,kBZ0x06u0J4
day4,Reading,8,dleJCK6c7rk
day4,Reading,9,F1I_6y8FtkU
day4,Reading,10,THbcJaOE5k0
day4,Reading,11,mo_ONZ2rC80
day4,Reading,12,cGpBT9ZbijM
day4,Reading,13,VeObWItBWV4
day4,Reading,14,ZpDm4vEgJ3c
day4,Reading,15,BNinyY9Ax9A
day4,Reading,16,KEbehVFktuk
day4,Stevan,9,KS5VbPCqD9A
day4,Stevan,10,6lTjbZHvjzU
day4,Stevan,11,D-s5wQfPVms
day4,Stevan,12,7oDfJ57b69E
day4,Stevan,13,nLnM1jPPlu8
day4,Stevan,14,_n_Mg98uQDE
day4,Stevan,15,ZFXFnVkCirQ
day4,Stevan,18,qyChylHXBTk
day4,Werner,8,5-hUEh7QYOM
day4,Werner,9,knFUn42FVpE
day4,Werner,10,U0thRohZEzQ
day4,Werner,11,jDHaxcomfyQ
day4,Werner,12,STGjcptShbs
day4,Werner,13,Gr2dkbMGxak
day4,Werner,14,UMjR7bwlyCU
day4,Werner,15,DbF4m7uiVFY
day4,Werner,18,QZ0J1hnuiA4
